johnsmith,John_Smith,31,45967382,john.smith@gmail.com
michaelbrown,Michael_Brown,28,73829547,michael789@hotmail.com
jessicawilson,Jessica_Wilson,42,93847205,jessica012@yahoo.com
williamdavis,William_Davis,19,58473920,william345@gmail.com
emilyroberts,Emily_Roberts,52,39584628,emily678@hotmail.com
christophermartin,Christopher_Martin,36,85639274,christopher901@gmail.com
ashleythomas,Ashley_Thomas,45,27504983,ashley234@yahoo.com
jameslee,James_Lee,23,94857301,james567@gmail.com
melissamitchell,Melissa_Mitchell,37,65938204,melissa890@hotmail.com
davidsmith,David_Smith,47,58392047,david123@yahoo.com
laurawilson,Laura_Wilson,20,39485720,laura456@gmail.com
stephenjohnson,Stephen_Johnson,49,74859302,stephen789@hotmail.com
amandamartin,Amanda_Martin,26,85930275,amanda012@yahoo.com
richardthompson,Richard_Thompson,56,39485720,richard345@gmail.com
laurenscott,Lauren_Scott,33,94857204,lauren678@hotmail.com
josephrodriguez,Joseph_Rodriguez,38,58392047,joseph901@yahoo.com
jenniferwhite,Jennifer_White,41,85729483,jennifer234@gmail.com
ryanclark,Ryan_Clark,29,74859302,ryan567@hotmail.com
michelleking,Michelle_King,44,65938204,michelle890@gmail.com


