michaeljackson,thriller22
angelinajolie,brangelina
bradpittfan,fightclub99
leonardodicaprio,titanic97
jenniferaniston,friendforever
georgeclooney,coffeebean1
tomhanksfan,forrestgump
sandrabullock,misscongeniality
johnnydeppfan,captainjack1
scarlettjohansson,blackwidow22
denzelwashington,bookofeli
clinteastwood,dirtyharry1
juliaroberts,prettywoman
willsmithfan,independence22
jimcarreyfan,comedian22
robertdenirofan,godfather1
chrishemsworth,thorhammer
katemiddleton,princess22
merylstreepfan,oscarwinner
nicolekidmanfan,moulinrouge
brucewillisfan,diehard22
sandrasmith,flowerpower1
johnmayerfan,yourbodyisawonderland
matt damon,goodwillhunting
kirstendunst,spidermanlover
johntravoltafan,saturdaynightfever
natalieportman,starwars22
leonamessi,footballking10
jimmyfallonfan,late-night22
dwaynejohnson,therock22